,M,E,Q,L,A,I,S,V,G,D,P,R,W,C,K,H,Y,T,F,N,X,J,U,Z,B
GCF_000337915,15218.0,80960.0,19841.0,80269.0,109692.0,36786.0,50994.0,85083.0,85961.0,84520.0,45219.0,64241.0,10155.0,6181.0,16032.0,17557.0,24112.0,57820.0,30232.0,20991.0,27.0,0.0,0.0,0.0,0.0
GCF_000008465,21301.0,60325.0,41799.0,89651.0,75863.0,49697.0,56266.0,61262.0,59728.0,49962.0,34656.0,44899.0,11798.0,7342.0,43212.0,18640.0,25847.0,44114.0,34443.0,34851.0,0.0,0.0,0.0,0.0,0.0
GCF_000010785,13032.0,44495.0,14540.0,61015.0,34837.0,38889.0,32676.0,42620.0,38507.0,26488.0,22332.0,29962.0,5701.0,5525.0,43174.0,9848.0,23434.0,23388.0,26337.0,17459.0,0.0,0.0,0.0,0.0,0.0
GCF_000252975,22911.0,60626.0,29004.0,79842.0,63717.0,66396.0,48614.0,58403.0,55305.0,43868.0,28971.0,30558.0,7740.0,5207.0,59515.0,14811.0,28773.0,50803.0,37985.0,38664.0,0.0,0.0,0.0,0.0,0.0
GCF_000011245,28412.0,77557.0,40907.0,95260.0,65761.0,86348.0,62767.0,69199.0,67740.0,55458.0,35471.0,37930.0,10261.0,6097.0,64917.0,21643.0,36624.0,55578.0,45027.0,48650.0,0.0,0.0,0.0,0.0,0.0
GCF_000008325,21191.0,61636.0,31134.0,106658.0,109278.0,46652.0,50904.0,71748.0,82604.0,52650.0,52121.0,75657.0,13709.0,10668.0,31499.0,22330.0,24707.0,46948.0,36990.0,25309.0,0.0,0.0,0.0,0.0,0.0
GCF_000171615,19238.0,55281.0,26223.0,69479.0,42549.0,53546.0,45130.0,49842.0,46117.0,34449.0,23945.0,28492.0,7055.0,4752.0,45574.0,15204.0,25540.0,38454.0,31572.0,29324.0,53.0,1.0,0.0,0.0,0.0
GCF_000026685,12659.0,29142.0,19239.0,58751.0,67995.0,28414.0,35549.0,52993.0,48989.0,34166.0,31471.0,40977.0,8285.0,6086.0,15627.0,13373.0,13188.0,35979.0,17469.0,15740.0,1.0,0.0,0.0,0.0,0.0
GCF_000012925,28925.0,78710.0,33583.0,118136.0,116324.0,68095.0,64163.0,89851.0,99470.0,61973.0,55669.0,78121.0,12258.0,14704.0,55270.0,24104.0,32389.0,65337.0,47524.0,36930.0,0.0,0.0,7.0,0.0,0.0
GCF_000183905,19452.0,52913.0,23869.0,68129.0,54269.0,55969.0,40688.0,49675.0,47044.0,37719.0,24490.0,26064.0,6540.0,4395.0,50739.0,12738.0,24164.0,42162.0,32563.0,32139.0,203.0,0.0,0.0,0.0,0.0
GCF_000009925,43299.0,102908.0,54667.0,147551.0,109233.0,110975.0,99243.0,102567.0,108439.0,86067.0,60277.0,76213.0,20063.0,20252.0,105471.0,29529.0,71401.0,88900.0,73972.0,80076.0,0.0,0.0,0.0,0.0,0.0
GCF_000016745,35507.0,91951.0,43609.0,142349.0,133131.0,89524.0,85220.0,103578.0,114276.0,75173.0,62670.0,82279.0,14732.0,18494.0,78082.0,28677.0,42497.0,80301.0,59058.0,53490.0,0.0,0.0,6.0,0.0,0.0
GCF_000194135,12034.0,35618.0,12180.0,49582.0,33843.0,46913.0,31988.0,35847.0,33699.0,28643.0,17450.0,21599.0,3663.0,4893.0,49095.0,7881.0,20488.0,23355.0,27102.0,25876.0,0.0,0.0,0.0,0.0,0.0
GCF_000008285,23455.0,63707.0,29408.0,81741.0,66295.0,67382.0,49767.0,60543.0,57134.0,46193.0,29885.0,31383.0,7958.0,5273.0,61154.0,15304.0,29712.0,52502.0,39223.0,39881.0,0.0,0.0,0.0,0.0,0.0
GCF_000007485,5208.0,13281.0,8266.0,27433.0,22240.0,18053.0,21353.0,21336.0,19763.0,14008.0,12335.0,16641.0,2708.0,3526.0,12630.0,5545.0,7509.0,15327.0,11171.0,9583.0,0.0,0.0,0.0,0.0,0.0
GCF_000008265,14466.0,26756.0,6950.0,40803.0,26484.0,52390.0,35176.0,27113.0,30796.0,27732.0,16463.0,20981.0,3459.0,2958.0,32775.0,7026.0,25755.0,20653.0,22922.0,31352.0,0.0,0.0,0.0,0.0,0.0
GCF_000021905,55925.0,123356.0,64305.0,179648.0,175661.0,110971.0,109486.0,131336.0,149519.0,109524.0,86908.0,94044.0,22474.0,25098.0,106137.0,35673.0,56380.0,92305.0,79377.0,68527.0,0.0,0.0,9.0,0.0,0.0
GCF_000212415,20785.0,56133.0,27142.0,84438.0,92303.0,58714.0,61423.0,65514.0,65603.0,49654.0,37498.0,47759.0,8691.0,13463.0,49651.0,13607.0,33036.0,53971.0,43452.0,35031.0,0.0,0.0,0.0,0.0,0.0
GCF_000259255,12852.0,38998.0,21445.0,62057.0,36133.0,41980.0,39487.0,30271.0,31468.0,26064.0,17581.0,18411.0,3779.0,6340.0,50439.0,11853.0,21888.0,26530.0,29758.0,36167.0,0.0,0.0,0.0,0.0,0.0
GCF_000009765,42474.0,139624.0,70646.0,253044.0,331256.0,78618.0,128824.0,207302.0,233090.0,147304.0,147927.0,195239.0,37938.0,19454.0,57863.0,57143.0,53077.0,152744.0,68048.0,44960.0,0.0,0.0,0.0,0.0,0.0
GCF_000013085,29253.0,70145.0,36512.0,144888.0,171693.0,60992.0,65760.0,96992.0,117380.0,74969.0,73545.0,97708.0,16283.0,11805.0,36077.0,25467.0,25003.0,68395.0,44000.0,26479.0,0.0,0.0,0.0,0.0,0.0
GCF_000012885,26352.0,66081.0,40974.0,116225.0,99376.0,58052.0,57269.0,75439.0,82483.0,58193.0,48184.0,70356.0,11620.0,14789.0,45114.0,23523.0,27427.0,51739.0,41294.0,31874.0,0.0,0.0,2.0,0.0,0.0
GCF_000010405,7576.0,14881.0,11698.0,28906.0,17922.0,28025.0,19409.0,18447.0,18341.0,15151.0,9076.0,10735.0,2593.0,3098.0,22454.0,6202.0,9269.0,15617.0,12700.0,17877.0,0.0,0.0,0.0,0.0,0.0
GCF_000008485,24734.0,60359.0,45371.0,109652.0,71990.0,76323.0,66917.0,58861.0,60411.0,48222.0,40681.0,41767.0,11535.0,12147.0,65192.0,24683.0,35704.0,51502.0,45055.0,50126.0,0.0,0.0,0.0,0.0,0.0
GCF_000007365,3752.0,10045.0,5445.0,17912.0,7794.0,21117.0,12863.0,8479.0,9582.0,7593.0,5319.0,6572.0,1623.0,2188.0,19210.0,3515.0,6394.0,7920.0,9650.0,13161.0,0.0,0.0,0.0,0.0,0.0
GCF_000067205,37660.0,76253.0,63350.0,167177.0,204756.0,67984.0,79181.0,114753.0,130294.0,83084.0,84250.0,113361.0,22658.0,14668.0,42425.0,34492.0,37748.0,75597.0,50554.0,37905.0,0.0,0.0,0.0,0.0,0.0
GCF_000146165,35957.0,80301.0,68583.0,152287.0,131307.0,83944.0,89959.0,94126.0,94967.0,74202.0,56524.0,65264.0,17841.0,15068.0,71925.0,32414.0,42532.0,75220.0,54833.0,57152.0,1.0,0.0,1.0,0.0,0.0
GCF_000017665,35018.0,74523.0,56944.0,141523.0,135505.0,69803.0,73533.0,92554.0,97557.0,68612.0,60510.0,78997.0,20434.0,13670.0,51992.0,29372.0,35914.0,70468.0,50185.0,46779.0,0.0,0.0,1.0,0.0,0.0
GCF_000017465,14762.0,38609.0,16880.0,57416.0,48762.0,46744.0,38539.0,37291.0,39046.0,32929.0,17571.0,22808.0,4257.0,6706.0,48076.0,9149.0,20411.0,25321.0,32120.0,30468.0,0.0,0.0,2.0,0.0,0.0
GCF_000392615,36511.0,91276.0,52949.0,125684.0,96118.0,101744.0,74761.0,90848.0,82609.0,64513.0,43212.0,48927.0,12731.0,9460.0,83715.0,27175.0,45942.0,75283.0,58575.0,57643.0,0.0,0.0,0.0,0.0,0.0
GCF_000021565,12507.0,51171.0,14572.0,58160.0,34560.0,58648.0,35516.0,42771.0,40505.0,35644.0,22899.0,29168.0,5022.0,4643.0,57512.0,9406.0,26621.0,28532.0,31226.0,26574.0,1.0,0.0,0.0,0.0,0.0
GCF_000013445,26831.0,68290.0,32190.0,92890.0,70772.0,86337.0,67679.0,66511.0,74247.0,58375.0,47316.0,52550.0,10793.0,13858.0,50634.0,22276.0,34862.0,58511.0,40309.0,36293.0,0.0,0.0,0.0,0.0,0.0
GCF_000017425,31269.0,81717.0,42654.0,102135.0,73841.0,87467.0,60180.0,77010.0,71420.0,48964.0,37098.0,42876.0,10585.0,9199.0,80243.0,24230.0,40002.0,59206.0,49894.0,46891.0,0.0,0.0,0.0,0.0,0.0
GCF_000015345,10160.0,25631.0,20766.0,43599.0,42006.0,28185.0,22984.0,26209.0,26570.0,22318.0,16723.0,22930.0,4878.0,4687.0,21232.0,10837.0,13026.0,21185.0,17559.0,16125.0,1.0,0.0,0.0,0.0,0.0
GCF_000020385,29555.0,74313.0,50363.0,132140.0,115807.0,70062.0,70945.0,83265.0,90696.0,61205.0,54382.0,72023.0,12856.0,16116.0,56407.0,25110.0,32937.0,66014.0,45747.0,38931.0,0.0,0.0,4.0,0.0,0.0
GCF_000008725,6383.0,20576.0,13048.0,34926.0,23447.0,20558.0,25266.0,19970.0,19747.0,14096.0,13609.0,15061.0,2974.0,5051.0,17922.0,7168.0,9546.0,15941.0,15027.0,10905.0,0.0,0.0,0.0,0.0,0.0
GCF_000284355,15256.0,49972.0,19706.0,67976.0,40435.0,68207.0,46403.0,40489.0,37539.0,39414.0,18594.0,19291.0,4876.0,5963.0,66267.0,10002.0,27702.0,36210.0,37626.0,47181.0,0.0,0.0,1.0,0.0,0.0
GCF_000024325,18399.0,53686.0,37601.0,88022.0,77155.0,40231.0,44900.0,58124.0,63324.0,42360.0,40144.0,52788.0,11553.0,11088.0,32152.0,19279.0,21261.0,42055.0,31589.0,23378.0,0.0,0.0,5.0,0.0,0.0
GCF_000005845,37093.0,75786.0,58360.0,140571.0,125332.0,78845.0,75661.0,93061.0,96701.0,67349.0,58293.0,72502.0,20060.0,15188.0,57620.0,29751.0,37134.0,70494.0,51131.0,51075.0,0.0,0.0,3.0,0.0,0.0
GCF_000022785,6123.0,16290.0,8902.0,28546.0,17031.0,30704.0,19018.0,15750.0,15243.0,13636.0,8884.0,9565.0,2027.0,3106.0,23667.0,5400.0,11012.0,14697.0,13756.0,18797.0,0.0,0.0,0.0,0.0,0.0
GCF_000174735,16334.0,42918.0,24439.0,58014.0,37257.0,55435.0,37783.0,40612.0,37917.0,35145.0,19777.0,22580.0,4636.0,3778.0,47417.0,15995.0,24658.0,35121.0,28232.0,35443.0,0.0,0.0,0.0,0.0,0.0
GCF_000012405,17628.0,64330.0,30283.0,105642.0,127415.0,39401.0,52131.0,88155.0,84129.0,58979.0,60922.0,82194.0,15156.0,7962.0,20167.0,23242.0,22238.0,60534.0,28669.0,19736.0,0.0,0.0,0.0,0.0,0.0
GCF_000021545,9471.0,40016.0,13826.0,49915.0,27030.0,45932.0,27955.0,35669.0,30052.0,27007.0,18237.0,17678.0,3845.0,3663.0,50328.0,7107.0,22287.0,22780.0,25418.0,24836.0,1.0,0.0,0.0,0.0,0.0
GCF_000019905,23148.0,62520.0,37730.0,92073.0,71876.0,59226.0,49465.0,64751.0,61097.0,47250.0,33527.0,46283.0,8556.0,5078.0,46933.0,19013.0,28935.0,55722.0,38470.0,28629.0,0.0,0.0,0.0,0.0,0.0
GCF_000008145,24353.0,54000.0,29209.0,89899.0,105923.0,54148.0,50754.0,65655.0,75992.0,50451.0,44518.0,60618.0,11056.0,7791.0,38166.0,19140.0,21744.0,47020.0,36417.0,28351.0,0.0,0.0,0.0,0.0,0.0
GCF_000192315,10120.0,29314.0,15466.0,48714.0,29787.0,31290.0,29287.0,24841.0,25477.0,20218.0,14430.0,14935.0,3028.0,4711.0,37670.0,9252.0,15775.0,18575.0,23480.0,24172.0,0.0,0.0,0.0,0.0,0.0
GCF_000020525,22210.0,67876.0,34288.0,94491.0,77099.0,65508.0,64923.0,61729.0,62815.0,49425.0,36389.0,43119.0,9353.0,8670.0,62792.0,19403.0,32922.0,50113.0,47581.0,41129.0,0.0,0.0,0.0,0.0,0.0
GCF_000012305,19574.0,39038.0,33119.0,69616.0,66011.0,47622.0,45686.0,47080.0,46760.0,42742.0,28048.0,31136.0,8015.0,6213.0,35984.0,15788.0,21231.0,42022.0,25627.0,31970.0,0.0,0.0,0.0,0.0,0.0
GCF_000015485,28793.0,61835.0,30580.0,108732.0,118773.0,46390.0,53302.0,81197.0,89535.0,59872.0,54386.0,78634.0,12294.0,15087.0,32322.0,25422.0,23531.0,56975.0,37563.0,25132.0,0.0,0.0,5.0,0.0,0.0
GCF_000012565,7451.0,17549.0,10365.0,29986.0,17016.0,29932.0,25323.0,21510.0,17139.0,17299.0,9233.0,10871.0,1967.0,5251.0,23257.0,6515.0,12163.0,15095.0,13974.0,20523.0,0.0,0.0,0.0,0.0,0.0
GCF_000012485,19372.0,46595.0,20647.0,71182.0,66003.0,41847.0,45543.0,47786.0,56051.0,36005.0,31923.0,45007.0,7286.0,7015.0,29951.0,14840.0,18998.0,35680.0,28637.0,20894.0,0.0,0.0,0.0,0.0,0.0
GCF_000210155,26641.0,72107.0,30560.0,112958.0,114019.0,61976.0,60566.0,86480.0,93759.0,59482.0,51886.0,77913.0,11070.0,13784.0,44864.0,22799.0,28944.0,61952.0,43552.0,32264.0,0.0,0.0,8.0,0.0,0.0
GCF_000020365,47364.0,96614.0,55787.0,160738.0,130033.0,114733.0,94635.0,110477.0,120069.0,89597.0,70919.0,84095.0,17047.0,21366.0,97179.0,33388.0,44759.0,90886.0,74855.0,63137.0,0.0,0.0,15.0,0.0,0.0
GCF_000055945,10635.0,30009.0,20085.0,50797.0,30339.0,41307.0,34706.0,27972.0,30894.0,21291.0,20770.0,19649.0,5470.0,6519.0,30507.0,11053.0,16082.0,28582.0,20726.0,22182.0,0.0,0.0,1.0,0.0,0.0
GCF_000225915,29498.0,66757.0,63205.0,151293.0,183220.0,56715.0,77124.0,101796.0,116004.0,80067.0,73398.0,102304.0,21700.0,11678.0,36864.0,31786.0,33126.0,71986.0,45241.0,37007.0,0.0,0.0,0.0,0.0,0.0
GCF_000011345,14883.0,45338.0,44773.0,92953.0,75538.0,42950.0,40070.0,54245.0,55338.0,34518.0,44731.0,51318.0,13170.0,8790.0,24093.0,17109.0,22106.0,42586.0,27308.0,22554.0,0.0,0.0,0.0,0.0,0.0
GCF_000013005,22749.0,60567.0,29531.0,88163.0,112867.0,46532.0,48995.0,63711.0,80798.0,58128.0,46627.0,63283.0,13154.0,7473.0,30445.0,17610.0,20373.0,47953.0,33816.0,24059.0,0.0,0.0,0.0,0.0,0.0
GCF_000017725,14248.0,43356.0,16057.0,61180.0,48618.0,49943.0,43341.0,39295.0,39370.0,36013.0,17945.0,21211.0,4169.0,6902.0,55928.0,9382.0,22311.0,27230.0,34322.0,35829.0,0.0,0.0,1.0,0.0,0.0
GCF_000214355,27860.0,77786.0,33289.0,113563.0,107236.0,84949.0,76267.0,71902.0,91634.0,63891.0,51455.0,59085.0,13527.0,12200.0,71534.0,18639.0,40568.0,59365.0,54288.0,48749.0,1.0,0.0,0.0,0.0,0.0
GCF_000011185,12490.0,28773.0,9430.0,39170.0,28602.0,41408.0,33738.0,32043.0,31337.0,24812.0,16984.0,21149.0,3731.0,2754.0,31113.0,6855.0,21361.0,21608.0,21318.0,21363.0,0.0,0.0,0.0,0.0,0.0
GCF_000060285,22696.0,61411.0,28133.0,78297.0,61711.0,65677.0,47671.0,57240.0,54394.0,44343.0,27801.0,30151.0,7596.0,4934.0,60281.0,14643.0,28482.0,49137.0,37522.0,38529.0,0.0,0.0,0.0,0.0,0.0
GCF_000007325,15198.0,50413.0,13774.0,59475.0,34985.0,63308.0,38006.0,38879.0,40531.0,34482.0,16230.0,20390.0,3931.0,4894.0,64528.0,7513.0,28038.0,30939.0,31019.0,40692.0,0.0,0.0,0.0,0.0,0.0
GCF_000015745,26443.0,73260.0,36210.0,98063.0,86424.0,65727.0,48931.0,75361.0,70255.0,47538.0,40915.0,55860.0,12280.0,7999.0,55542.0,22279.0,33656.0,50607.0,41492.0,32014.0,0.0,0.0,0.0,0.0,0.0
GCF_000013045,19353.0,71216.0,35892.0,97896.0,108176.0,37559.0,59133.0,79589.0,84654.0,70851.0,57178.0,78234.0,12679.0,7000.0,21420.0,22559.0,26495.0,62904.0,34356.0,24810.0,0.0,0.0,0.0,0.0,0.0
GCF_000017605,26029.0,85843.0,41934.0,126897.0,66829.0,92740.0,89888.0,73694.0,78918.0,58069.0,49692.0,50102.0,13862.0,9782.0,92050.0,23221.0,44225.0,65037.0,70435.0,58189.0,0.0,0.0,0.0,0.0,0.0
GCF_000007025,7197.0,20056.0,10226.0,32822.0,21075.0,32237.0,22000.0,18510.0,17857.0,16078.0,10895.0,11160.0,2426.0,3348.0,27040.0,5980.0,12226.0,17172.0,15444.0,20732.0,0.0,0.0,0.0,0.0,0.0
GCF_000012665,31142.0,65768.0,39029.0,111139.0,117555.0,51703.0,59369.0,80516.0,86521.0,57630.0,52071.0,75034.0,12667.0,15885.0,39950.0,25365.0,27770.0,57169.0,40763.0,30113.0,0.0,0.0,3.0,0.0,0.0
GCF_000006925,35625.0,73456.0,55351.0,133248.0,116935.0,73356.0,74137.0,87727.0,90692.0,63117.0,54163.0,73935.0,19282.0,15225.0,57459.0,29242.0,36188.0,66964.0,47481.0,48889.0,0.0,0.0,2.0,0.0,0.0
GCF_000010345,22328.0,55402.0,23161.0,74558.0,56605.0,58906.0,45610.0,49952.0,49337.0,43304.0,26501.0,30665.0,7312.0,6679.0,62531.0,16873.0,30612.0,40370.0,36184.0,32814.0,0.0,0.0,0.0,0.0,0.0
GCF_000011845,11446.0,31517.0,17218.0,45621.0,34519.0,33982.0,28610.0,32788.0,30335.0,26922.0,15039.0,18649.0,3795.0,2504.0,31404.0,8694.0,17040.0,26123.0,21051.0,20993.0,0.0,0.0,0.0,0.0,0.0
GCF_000006885,14582.0,43151.0,24113.0,60538.0,44659.0,42991.0,38803.0,41496.0,38722.0,32701.0,19440.0,23977.0,5471.0,3662.0,40475.0,11406.0,22821.0,32787.0,27557.0,25989.0,0.0,0.0,0.0,0.0,0.0
GCF_000185805,9318.0,48947.0,13109.0,61452.0,41153.0,31572.0,29993.0,47653.0,40189.0,22640.0,25304.0,32476.0,5076.0,5427.0,43402.0,8307.0,18780.0,25276.0,27237.0,17887.0,0.0,0.0,1.0,0.0,0.0
GCF_000010665,35433.0,86078.0,44715.0,163360.0,189526.0,67759.0,75900.0,109316.0,124059.0,81773.0,79806.0,99591.0,16528.0,19713.0,60025.0,27854.0,36718.0,73324.0,56967.0,38575.0,0.0,0.0,4.0,0.0,0.0
GCF_000007665,10741.0,35369.0,18337.0,64359.0,84834.0,28398.0,38044.0,55706.0,57486.0,35674.0,34261.0,46995.0,8658.0,3679.0,15201.0,11801.0,12459.0,38615.0,20049.0,13655.0,0.0,0.0,0.0,0.0,0.0
GCF_000009085,11167.0,35300.0,15638.0,53993.0,34026.0,43288.0,32142.0,26254.0,27973.0,26443.0,13403.0,14991.0,3232.0,6085.0,47517.0,8251.0,18384.0,20257.0,29958.0,31444.0,0.0,0.0,1.0,0.0,0.0
GCF_000009005,19407.0,46696.0,29380.0,66566.0,45858.0,62850.0,43199.0,48859.0,43928.0,41411.0,23220.0,25268.0,5422.0,4746.0,53514.0,16907.0,28394.0,41034.0,33079.0,39778.0,0.0,0.0,0.0,0.0,0.0
GCF_000091985,10936.0,29383.0,19595.0,48757.0,33443.0,38143.0,30969.0,25448.0,32022.0,22706.0,16548.0,18721.0,3392.0,5651.0,35684.0,10402.0,16599.0,20971.0,25535.0,23126.0,0.0,0.0,0.0,0.0,0.0
GCF_000261545,62761.0,135036.0,81730.0,249011.0,312089.0,134908.0,145177.0,187916.0,208996.0,139839.0,132197.0,177839.0,34024.0,22622.0,95601.0,51410.0,57228.0,137107.0,94979.0,70373.0,0.0,0.0,0.0,0.0,0.0
GCF_000219105,49416.0,165414.0,87223.0,286282.0,325568.0,71552.0,138469.0,210653.0,224907.0,133124.0,159992.0,212432.0,35009.0,23314.0,71952.0,54959.0,52584.0,135574.0,84620.0,51902.0,0.0,0.0,0.0,0.0,0.0
GCF_000751975,34149.0,93997.0,40521.0,115603.0,81994.0,87794.0,74166.0,83080.0,86177.0,63286.0,43181.0,49890.0,12586.0,8273.0,83347.0,25507.0,41482.0,61827.0,54277.0,47938.0,12.0,0.0,1.0,0.0,0.0
GCF_000013385,24707.0,93521.0,37362.0,164752.0,242382.0,44446.0,63325.0,126810.0,140841.0,77654.0,96114.0,140042.0,19486.0,13394.0,35485.0,29267.0,27612.0,66503.0,44943.0,23049.0,0.0,0.0,6.0,0.0,0.0
GCF_000006905,27406.0,65306.0,38804.0,120932.0,166611.0,52914.0,61703.0,91250.0,108418.0,70027.0,66304.0,88711.0,17107.0,9046.0,42583.0,21774.0,25465.0,63238.0,42883.0,28641.0,0.0,0.0,0.0,0.0,0.0
GCF_000026125,27325.0,55016.0,40196.0,103304.0,111536.0,58518.0,58315.0,70752.0,74157.0,52430.0,44950.0,57768.0,12694.0,9204.0,44578.0,22482.0,25009.0,53701.0,37884.0,33891.0,0.0,0.0,0.0,0.0,0.0
GCF_000010585,19382.0,46486.0,23313.0,59950.0,42062.0,55790.0,37332.0,44029.0,40597.0,37347.0,20561.0,24842.0,4656.0,4304.0,48240.0,15421.0,25919.0,36730.0,29043.0,33208.0,0.0,0.0,0.0,0.0,0.0
GCF_000006725,16237.0,36264.0,29587.0,75773.0,72716.0,37396.0,41037.0,51791.0,53560.0,37496.0,34522.0,46794.0,10206.0,7535.0,25020.0,18634.0,18301.0,40302.0,24142.0,23303.0,0.0,0.0,0.0,0.0,0.0
GCF_000011105,12192.0,46367.0,8634.0,53296.0,33514.0,46209.0,26057.0,40854.0,37589.0,23677.0,22102.0,29159.0,6211.0,2838.0,42433.0,7693.0,20505.0,22366.0,22790.0,18060.0,0.0,0.0,0.0,0.0,0.0
GCF_000214375,27466.0,79810.0,36410.0,120562.0,107411.0,88725.0,78112.0,77312.0,98202.0,66775.0,55236.0,64884.0,13107.0,12056.0,67342.0,18779.0,42505.0,67866.0,54955.0,50302.0,0.0,0.0,1.0,0.0,0.0
GCF_000007625,21358.0,63381.0,17804.0,74257.0,43004.0,86387.0,50601.0,50874.0,51942.0,44612.0,22400.0,27177.0,5278.0,9452.0,82485.0,11074.0,33955.0,38460.0,36139.0,54003.0,0.0,0.0,0.0,0.0,0.0
GCF_000008425,33442.0,89756.0,43549.0,118429.0,97654.0,86995.0,73160.0,81854.0,87552.0,62516.0,45485.0,53421.0,12497.0,9367.0,86245.0,26535.0,41163.0,63489.0,55342.0,46195.0,0.0,0.0,0.0,0.0,0.0
GCF_000003645,41688.0,109387.0,53729.0,138435.0,97106.0,116696.0,83302.0,105409.0,96952.0,66972.0,49404.0,54338.0,14845.0,12153.0,107015.0,30964.0,53841.0,80552.0,68212.0,66049.0,3.0,0.0,0.0,0.0,0.0
GCF_000008505,42299.0,111366.0,54819.0,140473.0,99004.0,120314.0,85944.0,107277.0,99180.0,68480.0,50448.0,55006.0,14935.0,12335.0,109982.0,31399.0,55409.0,83446.0,69760.0,68826.0,1.0,0.0,0.0,0.0,0.0
GCF_000011685,20835.0,44311.0,29240.0,85215.0,93185.0,40545.0,49853.0,58179.0,68698.0,46059.0,45781.0,58338.0,11310.0,8233.0,24693.0,19548.0,17940.0,48600.0,28464.0,22355.0,0.0,0.0,0.0,0.0,0.0
GCF_000744825,18702.0,53463.0,27650.0,68359.0,50010.0,53897.0,42183.0,47448.0,45302.0,36098.0,23425.0,25382.0,6261.0,3704.0,49977.0,12471.0,25279.0,41315.0,30930.0,32622.0,0.0,0.0,0.0,0.0,0.0
GCF_000265295,21647.0,55556.0,24705.0,81719.0,58898.0,60211.0,51552.0,49910.0,48057.0,37274.0,24663.0,27673.0,6187.0,8630.0,58750.0,18642.0,28766.0,40251.0,39937.0,34614.0,0.0,0.0,1.0,0.0,0.0
GCF_000236685,29697.0,65803.0,37140.0,112062.0,81582.0,76294.0,75844.0,73525.0,77089.0,54772.0,40962.0,44959.0,10965.0,14941.0,64689.0,19166.0,37641.0,59603.0,51680.0,42575.0,0.0,0.0,0.0,0.0,0.0
GCF_000009025,10968.0,26905.0,13779.0,43159.0,34947.0,30347.0,26099.0,27957.0,31434.0,20720.0,18301.0,20648.0,4390.0,5593.0,24282.0,7769.0,12825.0,22087.0,15986.0,16469.0,0.0,0.0,0.0,0.0,0.0
GCF_000007845,40353.0,106069.0,51830.0,133629.0,94790.0,113512.0,81377.0,102460.0,94168.0,65345.0,47849.0,52511.0,14498.0,11817.0,103898.0,29750.0,52298.0,78833.0,65982.0,64581.0,0.0,0.0,0.0,0.0,0.0
GCF_000009825,33274.0,91322.0,49346.0,123899.0,108038.0,82398.0,69785.0,89238.0,88572.0,61016.0,47292.0,54774.0,13561.0,9591.0,70992.0,27832.0,41030.0,67885.0,54916.0,45910.0,0.0,0.0,0.0,0.0,0.0
GCF_000009785,26093.0,73275.0,35917.0,97943.0,90966.0,63016.0,48186.0,75309.0,71386.0,47883.0,42088.0,59303.0,12668.0,8320.0,55378.0,22627.0,33215.0,48973.0,40940.0,30565.0,0.0,0.0,0.0,0.0,0.0
GCF_000195185,48183.0,123877.0,80421.0,187465.0,187132.0,99961.0,140125.0,141405.0,149467.0,127607.0,102777.0,130382.0,30237.0,22120.0,68239.0,44330.0,43348.0,114589.0,71205.0,66126.0,3.0,0.0,0.0,0.0,0.0
GCF_000025805,37639.0,98375.0,55084.0,135159.0,99745.0,103415.0,86796.0,100648.0,92874.0,64955.0,48558.0,51786.0,13898.0,10424.0,97308.0,31316.0,49146.0,75654.0,62337.0,56995.0,0.0,0.0,0.0,0.0,0.0
GCF_000011145,32019.0,90570.0,47402.0,115924.0,85698.0,80378.0,65266.0,86588.0,81536.0,58749.0,44357.0,55143.0,13087.0,8414.0,66841.0,27840.0,38855.0,64292.0,51418.0,41856.0,0.0,0.0,0.0,0.0,0.0
GCF_000208385,19342.0,39228.0,19591.0,62383.0,56259.0,44178.0,45540.0,48249.0,52045.0,38673.0,27137.0,35836.0,7938.0,6832.0,33101.0,14006.0,21326.0,39284.0,28722.0,23680.0,0.0,0.0,0.0,0.0,0.0
GCF_000007945,11071.0,27577.0,23373.0,48269.0,39514.0,33107.0,25934.0,29490.0,28555.0,22333.0,16601.0,20602.0,4989.0,4773.0,27946.0,10007.0,14383.0,24632.0,19413.0,21630.0,0.0,0.0,1.0,0.0,0.0
GCF_000195875,4406.0,19607.0,10439.0,27076.0,13250.0,26860.0,21589.0,15114.0,12773.0,15294.0,7637.0,7992.0,2634.0,825.0,31171.0,4007.0,10604.0,13241.0,17225.0,21672.0,0.0,0.0,0.0,0.0,0.0
GCF_000006625,3651.0,12059.0,7836.0,20796.0,10329.0,21589.0,12367.0,11078.0,8769.0,11597.0,5487.0,5933.0,1789.0,1477.0,20551.0,3634.0,9274.0,10174.0,10814.0,17978.0,0.0,0.0,0.0,0.0,0.0
GCF_000196175,31149.0,73495.0,46098.0,114164.0,98984.0,65398.0,80791.0,83056.0,84132.0,59951.0,48847.0,55620.0,14126.0,11179.0,76450.0,22172.0,35734.0,64989.0,52213.0,48275.0,0.0,0.0,0.0,0.0,0.0
GCF_000006865,16677.0,46219.0,24370.0,65317.0,48728.0,50956.0,43758.0,43594.0,43644.0,34965.0,21349.0,23952.0,6634.0,3018.0,49023.0,11898.0,23466.0,37910.0,31445.0,34335.0,0.0,0.0,0.0,0.0,0.0
GCF_000013105,16852.0,50912.0,26728.0,84585.0,78262.0,45455.0,32841.0,57616.0,64550.0,34073.0,37805.0,51720.0,8502.0,7917.0,32290.0,13124.0,22836.0,37635.0,25800.0,22904.0,0.0,0.0,0.0,0.0,0.0
GCF_000014905,66672.0,155986.0,106193.0,292406.0,339780.0,142999.0,177910.0,218295.0,254899.0,148824.0,166468.0,204572.0,44010.0,26743.0,103049.0,59743.0,82512.0,172483.0,119194.0,99848.0,0.0,0.0,1.0,0.0,0.0
GCF_000223215,22859.0,62656.0,18661.0,77295.0,52207.0,92510.0,60104.0,50207.0,48135.0,54837.0,23686.0,27886.0,5743.0,7998.0,79142.0,11879.0,45579.0,43515.0,43230.0,69546.0,0.0,0.0,1.0,0.0,0.0
GCF_000006645,33201.0,68329.0,60777.0,136821.0,115808.0,78304.0,78767.0,86108.0,91068.0,64656.0,54771.0,66814.0,17086.0,13132.0,54591.0,28300.0,37049.0,68077.0,47768.0,51583.0,0.0,0.0,0.0,0.0,0.0
GCF_000008585,25798.0,60978.0,40264.0,126300.0,171328.0,54899.0,70969.0,109904.0,125886.0,75636.0,75307.0,95699.0,19032.0,11741.0,26782.0,29071.0,26944.0,76356.0,37847.0,31626.0,75.0,1.0,0.0,1.0,0.0
GCF_000024885,19468.0,51372.0,22268.0,73134.0,52525.0,53552.0,45758.0,45198.0,42885.0,34294.0,22413.0,25419.0,5515.0,7525.0,53378.0,16726.0,26041.0,35899.0,35375.0,30830.0,0.0,0.0,1.0,0.0,0.0
GCF_000007205,6981.0,23750.0,14581.0,41027.0,25308.0,25164.0,29294.0,22128.0,22823.0,16396.0,16220.0,16444.0,3660.0,5803.0,22209.0,8655.0,11838.0,19403.0,17288.0,14061.0,0.0,0.0,0.0,0.0,0.0
GCF_000237285,11322.0,28402.0,24102.0,55344.0,38201.0,31326.0,30389.0,29024.0,31706.0,23136.0,20015.0,18914.0,4309.0,5982.0,34569.0,13076.0,17607.0,22258.0,23605.0,21223.0,32.0,0.0,0.0,1.0,0.0
GCF_000009805,32812.0,101888.0,49027.0,186147.0,257640.0,68256.0,83449.0,158874.0,162411.0,111438.0,110992.0,148235.0,26644.0,13390.0,32983.0,40688.0,37178.0,110908.0,51768.0,32573.0,0.0,0.0,0.0,0.0,0.0
GCF_000011125,10882.0,37645.0,8294.0,54426.0,48056.0,28000.0,30834.0,45612.0,43631.0,21600.0,25115.0,38217.0,6489.0,3307.0,20386.0,7387.0,17525.0,20693.0,14440.0,9540.0,0.0,0.0,0.0,0.0,0.0
GCF_000024485,7314.0,21015.0,13458.0,35741.0,35702.0,17249.0,23222.0,29030.0,24471.0,15941.0,14692.0,25978.0,3439.0,6674.0,13947.0,9698.0,10664.0,18629.0,15622.0,8716.0,0.0,0.0,0.0,0.0,0.0
GCF_000067165,62540.0,228386.0,97487.0,370495.0,517746.0,131675.0,207649.0,272264.0,340285.0,207377.0,233117.0,315582.0,46205.0,42954.0,85452.0,74331.0,69912.0,173336.0,110991.0,64017.0,0.0,0.0,0.0,0.0,0.0
GCF_000091665,10982.0,42795.0,7171.0,46646.0,27133.0,51884.0,22188.0,33610.0,31264.0,27258.0,16594.0,18915.0,3593.0,6394.0,51244.0,7102.0,21562.0,19934.0,20945.0,25983.0,11.0,0.0,6.0,0.0,0.0
GCF_000196135,16100.0,54203.0,20868.0,75610.0,51790.0,46498.0,45529.0,38480.0,46541.0,28333.0,24461.0,32850.0,6395.0,6178.0,44189.0,13550.0,21587.0,27720.0,31426.0,22461.0,0.0,0.0,0.0,0.0,0.0
GCF_000025945,25603.0,64564.0,37652.0,104733.0,86361.0,72118.0,66134.0,67353.0,76127.0,51559.0,39178.0,50117.0,10260.0,13658.0,57717.0,19848.0,30172.0,53323.0,43267.0,38004.0,0.0,0.0,6.0,0.0,0.0
GCF_000020625,19748.0,49430.0,25430.0,74561.0,62368.0,49475.0,50405.0,50950.0,54584.0,42138.0,31194.0,43536.0,7981.0,8543.0,37390.0,16529.0,22846.0,37934.0,31940.0,27005.0,0.0,0.0,0.0,0.0,0.0
GCF_000017585,10661.0,32193.0,11708.0,44784.0,32840.0,46525.0,31092.0,26517.0,29341.0,27607.0,12925.0,15205.0,3068.0,5737.0,47426.0,6516.0,17320.0,21136.0,30055.0,33721.0,1.0,0.0,0.0,0.0,0.0
GCF_000013405,24085.0,62752.0,28282.0,91367.0,74346.0,62738.0,54985.0,61464.0,68124.0,48438.0,39889.0,59088.0,9543.0,11749.0,50103.0,17834.0,26991.0,44417.0,38341.0,31797.0,0.0,0.0,9.0,0.0,0.0
GCF_000219725,22152.0,63987.0,36864.0,103242.0,80965.0,73101.0,61798.0,63381.0,69238.0,50354.0,42528.0,52666.0,11353.0,8699.0,53933.0,18308.0,34044.0,53407.0,42904.0,36676.0,0.0,0.0,0.0,0.0,0.0
GCF_000007345,33105.0,108920.0,33978.0,127694.0,93910.0,99833.0,92045.0,92556.0,97945.0,72252.0,53857.0,60622.0,14060.0,16676.0,88177.0,22238.0,49538.0,72324.0,59369.0,59875.0,0.0,0.0,0.0,0.0,0.0
GCF_000007745,16238.0,41489.0,29991.0,69430.0,57706.0,46306.0,37937.0,44836.0,45289.0,33692.0,25120.0,29928.0,7669.0,6813.0,39903.0,13181.0,20929.0,34615.0,29234.0,31920.0,0.0,0.0,2.0,0.0,0.0
GCF_000195815,16650.0,42544.0,25080.0,67664.0,80041.0,40587.0,44933.0,59417.0,56967.0,42363.0,35211.0,42768.0,10186.0,6056.0,26416.0,17284.0,16367.0,44211.0,24228.0,22296.0,0.0,0.0,0.0,0.0,0.0
GCF_000217655,7155.0,20615.0,13077.0,34876.0,34647.0,16958.0,22551.0,28221.0,23690.0,15586.0,14203.0,25279.0,3329.0,6437.0,13619.0,9452.0,10397.0,18067.0,15272.0,8494.0,0.0,0.0,0.0,0.0,0.0
GCF_000195275,18972.0,62728.0,25128.0,73232.0,58009.0,64282.0,62399.0,51148.0,51770.0,44929.0,27857.0,31741.0,8020.0,12541.0,70894.0,12182.0,31095.0,41570.0,45263.0,45330.0,0.0,0.0,0.0,0.0,0.0
GCF_000012585,17739.0,46773.0,28360.0,74891.0,68756.0,47571.0,49455.0,51551.0,52489.0,37572.0,28354.0,34761.0,7510.0,7216.0,36874.0,16289.0,22799.0,46900.0,30137.0,32651.0,0.0,0.0,0.0,0.0,0.0
GCF_000171115,32583.0,91611.0,27785.0,105785.0,66058.0,122292.0,80743.0,77444.0,77469.0,71525.0,31961.0,38490.0,8778.0,16473.0,109059.0,16242.0,52653.0,60620.0,53105.0,82470.0,0.0,0.0,0.0,0.0,0.0
GCF_000195515,31119.0,82487.0,41843.0,108637.0,92020.0,81573.0,70727.0,76215.0,81720.0,59543.0,42680.0,49658.0,11336.0,9136.0,79780.0,25705.0,38922.0,62825.0,50397.0,43260.0,0.0,0.0,0.0,0.0,0.0
GCF_000009685,20919.0,68086.0,16382.0,77691.0,45495.0,79736.0,51763.0,54571.0,55711.0,46326.0,22727.0,27790.0,5775.0,9356.0,77525.0,10759.0,33380.0,38537.0,38104.0,53314.0,0.0,0.0,2.0,0.0,0.0
GCF_000195935,12857.0,48051.0,8987.0,55583.0,36001.0,46086.0,26841.0,43738.0,39107.0,25018.0,22915.0,31036.0,6389.0,2964.0,42370.0,8114.0,20769.0,22665.0,23508.0,18042.0,0.0,0.0,0.0,0.0,0.0
GCF_000183725,24071.0,61375.0,27923.0,85119.0,66719.0,68534.0,58775.0,53431.0,55039.0,47852.0,29508.0,37982.0,7329.0,7862.0,56230.0,20072.0,32091.0,46591.0,39724.0,39276.0,0.0,0.0,0.0,0.0,0.0
GCF_000242595,23733.0,65986.0,46348.0,107358.0,98939.0,60427.0,61879.0,70516.0,79527.0,59026.0,49995.0,73654.0,12195.0,8208.0,26842.0,23574.0,30956.0,52717.0,39330.0,29161.0,0.0,0.0,0.0,0.0,0.0
GCF_000183365,5022.0,16557.0,10502.0,28553.0,13027.0,29119.0,19080.0,15475.0,12637.0,15937.0,7064.0,7219.0,2911.0,1785.0,30416.0,3726.0,11761.0,15112.0,14996.0,23521.0,0.0,0.0,0.0,0.0,0.0
GCF_000023085,23516.0,39097.0,45773.0,87791.0,80974.0,57265.0,49575.0,64740.0,58674.0,48745.0,33380.0,37569.0,10224.0,4315.0,44586.0,20860.0,30433.0,62448.0,34687.0,38141.0,0.0,0.0,0.0,0.0,0.0
GCF_000284635,14318.0,38755.0,23936.0,62889.0,41916.0,48113.0,44720.0,33666.0,36690.0,30761.0,19366.0,22140.0,4747.0,7931.0,46278.0,12711.0,22917.0,27653.0,30706.0,31316.0,0.0,0.0,0.0,0.0,0.0
GCF_001060475,39446.0,81874.0,73132.0,173103.0,163775.0,80305.0,85212.0,106241.0,117344.0,77633.0,71632.0,92923.0,21936.0,15799.0,57000.0,34079.0,42916.0,75306.0,57331.0,51182.0,0.0,0.0,0.0,0.0,0.0
GCF_000190435,27695.0,61231.0,39659.0,109954.0,81217.0,67293.0,70366.0,69799.0,70300.0,50605.0,38081.0,45644.0,10433.0,12361.0,55822.0,19792.0,36533.0,57103.0,45888.0,36936.0,0.0,0.0,0.0,0.0,0.0
GCF_000008305,5669.0,17835.0,7453.0,22063.0,13522.0,24383.0,15957.0,14837.0,13157.0,13116.0,6179.0,6820.0,2583.0,1495.0,23803.0,3042.0,9146.0,13271.0,12668.0,17755.0,0.0,0.0,0.0,0.0,0.0
GCF_000147355,18065.0,46521.0,21460.0,65461.0,47486.0,56125.0,42067.0,42615.0,38490.0,38160.0,19932.0,21921.0,4911.0,5781.0,58496.0,13704.0,27439.0,34415.0,32657.0,35655.0,0.0,0.0,0.0,0.0,0.0
GCF_000008565,18531.0,56198.0,40510.0,113919.0,119426.0,32133.0,51031.0,75283.0,90046.0,49557.0,59309.0,72652.0,13601.0,6638.0,26816.0,20577.0,22528.0,56961.0,30890.0,23636.0,40.0,0.0,0.0,0.0,3.0
GCF_000012545,11144.0,33233.0,12610.0,40835.0,25365.0,50417.0,30648.0,30903.0,29117.0,29726.0,15479.0,14804.0,2719.0,5717.0,39874.0,8278.0,21119.0,32987.0,17343.0,36746.0,0.0,0.0,0.0,0.0,0.0
GCF_000007185,9522.0,50107.0,7058.0,50524.0,41805.0,24186.0,23159.0,52319.0,40349.0,29055.0,27377.0,41818.0,6209.0,6609.0,20159.0,9677.0,14133.0,23026.0,14400.0,9601.0,0.0,0.0,7.0,0.0,0.0
GCF_000007225,12637.0,45881.0,13669.0,69319.0,64884.0,41257.0,32361.0,61118.0,50339.0,28177.0,32689.0,42942.0,9667.0,5715.0,37256.0,9912.0,28249.0,28894.0,23827.0,17083.0,0.0,0.0,0.0,0.0,0.0
GCF_000021725,12065.0,39584.0,11983.0,49044.0,32321.0,49481.0,26859.0,32524.0,29528.0,28036.0,16806.0,16277.0,3714.0,4195.0,53663.0,8127.0,22090.0,23663.0,28190.0,30041.0,0.0,0.0,1.0,0.0,0.0
GCF_000092205,20599.0,62105.0,37801.0,104323.0,95783.0,46115.0,44282.0,61530.0,72130.0,46461.0,47431.0,65829.0,10319.0,10741.0,33291.0,20537.0,23595.0,42526.0,33239.0,26688.0,0.0,0.0,7.0,0.0,0.0
GCF_000019705,6721.0,21724.0,8773.0,33563.0,14653.0,35806.0,23049.0,18387.0,16839.0,18563.0,7755.0,11216.0,1631.0,2494.0,32292.0,4634.0,14296.0,14137.0,19328.0,24499.0,3.0,0.0,0.0,0.0,0.0
GCF_000012345,9304.0,25064.0,10887.0,39029.0,23211.0,39624.0,28164.0,23122.0,25829.0,21752.0,13255.0,12979.0,3784.0,3994.0,42807.0,6516.0,13746.0,20315.0,21656.0,26868.0,0.0,0.0,0.0,0.0,0.0
GCF_000011965,38403.0,78838.0,44897.0,141904.0,171875.0,68484.0,68603.0,98875.0,122068.0,80829.0,71248.0,95358.0,19718.0,12882.0,39015.0,29014.0,30963.0,72486.0,50188.0,34287.0,0.0,0.0,0.0,0.0,0.0
GCF_000093065,3468.0,8844.0,4693.0,13928.0,4983.0,17205.0,12469.0,7767.0,8233.0,6521.0,4116.0,7494.0,1251.0,1885.0,15647.0,2954.0,5282.0,5753.0,8574.0,8858.0,0.0,0.0,0.0,0.0,0.0
GCF_000025605,11490.0,38277.0,13421.0,54851.0,30194.0,29556.0,25718.0,41552.0,34479.0,22863.0,20906.0,29558.0,5406.0,4492.0,32048.0,9236.0,19025.0,21261.0,20950.0,13490.0,0.0,0.0,0.0,0.0,0.0
GCF_000023225,32288.0,72998.0,39863.0,127065.0,113706.0,64366.0,68094.0,84528.0,94311.0,63961.0,54148.0,72840.0,13933.0,15366.0,49451.0,25404.0,28903.0,59464.0,47997.0,34768.0,0.0,0.0,6.0,0.0,0.0
GCF_000559125,31130.0,71135.0,67167.0,160075.0,193795.0,60440.0,82793.0,107624.0,123101.0,84935.0,77548.0,109351.0,23313.0,12434.0,39250.0,33697.0,35515.0,76853.0,47835.0,39375.0,0.0,0.0,0.0,0.0,0.0
GCF_000022205,16611.0,84739.0,23389.0,86084.0,110688.0,42278.0,55040.0,87960.0,85838.0,88157.0,46357.0,66241.0,10981.0,6921.0,19553.0,19418.0,26397.0,62542.0,32644.0,24249.0,0.0,0.0,0.0,0.0,0.0
GCF_000019045,23705.0,60445.0,35245.0,76950.0,60839.0,60330.0,40228.0,62390.0,52522.0,38921.0,29762.0,40264.0,8824.0,6910.0,53256.0,21074.0,29503.0,44506.0,36594.0,29026.0,0.0,0.0,0.0,0.0,0.0
GCF_000016085,16317.0,40542.0,17900.0,60327.0,54448.0,36332.0,40212.0,40680.0,46965.0,30437.0,26150.0,35376.0,6008.0,6003.0,27635.0,12367.0,16328.0,30889.0,25059.0,19426.0,0.0,0.0,0.0,0.0,0.0
GCF_000011205,15791.0,53395.0,15592.0,76153.0,41610.0,74537.0,48658.0,53850.0,47175.0,35000.0,28878.0,30708.0,7560.0,4712.0,60313.0,9569.0,36553.0,35303.0,33194.0,36267.0,0.0,0.0,0.0,0.0,0.0
GCF_000765475,21205.0,53522.0,16874.0,62539.0,49226.0,57396.0,46904.0,51907.0,50765.0,44554.0,26257.0,29089.0,6004.0,8502.0,42601.0,13106.0,23243.0,37538.0,27919.0,30097.0,0.0,0.0,0.0,0.0,0.0
GCF_000176915,30679.0,64820.0,33111.0,110636.0,109084.0,55596.0,57192.0,78659.0,88206.0,61765.0,50649.0,70042.0,12392.0,13871.0,42963.0,22359.0,26856.0,56672.0,42347.0,30274.0,0.0,0.0,4.0,0.0,0.0
GCF_000305495,32588.0,87083.0,43663.0,116183.0,83584.0,94408.0,73886.0,80524.0,81408.0,59605.0,42114.0,45850.0,11643.0,8613.0,81971.0,23634.0,41425.0,66185.0,52714.0,51726.0,2.0,0.0,0.0,0.0,0.0
GCF_000012325,35662.0,88275.0,67325.0,153191.0,121357.0,106209.0,106909.0,98422.0,95118.0,82979.0,52253.0,55823.0,16750.0,14935.0,89693.0,31819.0,46465.0,83569.0,64588.0,75266.0,0.0,0.0,0.0,0.0,0.0
GCF_000017885,30988.0,78069.0,46321.0,104480.0,78959.0,78221.0,64671.0,73965.0,72709.0,55357.0,38498.0,42558.0,10079.0,7672.0,74803.0,26625.0,35948.0,59926.0,48027.0,39005.0,0.0,0.0,0.0,0.0,0.0
GCF_000006985,17451.0,42237.0,19740.0,62627.0,58261.0,39586.0,39654.0,44498.0,47747.0,32573.0,28472.0,38108.0,6866.0,7248.0,33210.0,13407.0,17612.0,31663.0,27481.0,21533.0,5.0,0.0,0.0,0.0,0.0
GCF_000015065,42142.0,110926.0,54141.0,140003.0,98921.0,119483.0,85480.0,107170.0,98942.0,68424.0,50292.0,54711.0,14822.0,12299.0,109686.0,31108.0,54712.0,83016.0,69089.0,68371.0,0.0,0.0,0.0,0.0,0.0
GCF_000015285,28789.0,69118.0,52472.0,126944.0,97945.0,87078.0,79618.0,75745.0,77053.0,63108.0,42946.0,47209.0,13502.0,12953.0,72531.0,24667.0,36595.0,63435.0,51684.0,57036.0,0.0,0.0,0.0,0.0,0.0
GCF_000009725,22136.0,67920.0,62338.0,127458.0,93657.0,70141.0,65235.0,73696.0,81315.0,56175.0,56982.0,56559.0,17307.0,11372.0,47619.0,21139.0,32709.0,60933.0,44766.0,45344.0,0.0,0.0,0.0,0.0,0.0
GCF_000012185,13141.0,35789.0,25617.0,57047.0,44770.0,38903.0,32346.0,36017.0,36068.0,27807.0,20336.0,24726.0,6277.0,5682.0,34784.0,11220.0,17337.0,28523.0,24417.0,27211.0,0.0,0.0,1.0,0.0,0.0
GCF_000007685,21921.0,81672.0,37755.0,119286.0,59973.0,92998.0,90106.0,65142.0,73962.0,54312.0,44467.0,50455.0,12931.0,10271.0,89942.0,19579.0,41260.0,58013.0,66509.0,58088.0,0.0,0.0,0.0,0.0,0.0
GCF_000046705,11394.0,27555.0,18457.0,45689.0,38112.0,34115.0,29630.0,29309.0,31644.0,22654.0,17813.0,24173.0,4903.0,4971.0,27844.0,10969.0,12795.0,24183.0,20569.0,19583.0,0.0,0.0,0.0,0.0,0.0
GCF_000011585,12779.0,39639.0,9129.0,44319.0,28387.0,45907.0,30518.0,34102.0,33006.0,27327.0,16605.0,15093.0,3169.0,6662.0,43177.0,7316.0,18589.0,24276.0,20503.0,27470.0,0.0,0.0,8.0,0.0,0.0
GCF_000007765,12112.0,31536.0,21858.0,57404.0,42134.0,38427.0,31013.0,32671.0,33183.0,23633.0,22961.0,28174.0,6275.0,5927.0,32845.0,12619.0,17296.0,26696.0,23561.0,21893.0,0.0,0.0,0.0,0.0,0.0
GCF_000754995,29402.0,67227.0,49374.0,115715.0,89034.0,81416.0,70994.0,70990.0,74778.0,57539.0,44854.0,51141.0,14111.0,11697.0,62437.0,23958.0,36449.0,61468.0,46066.0,52487.0,0.0,0.0,1.0,0.0,0.0
GCF_000186245,15822.0,49400.0,18244.0,66054.0,52161.0,42705.0,34120.0,39763.0,44424.0,33850.0,27244.0,38692.0,6873.0,5492.0,40509.0,13898.0,23455.0,29508.0,27208.0,21487.0,0.0,0.0,1.0,0.0,0.0
GCF_000008625,9252.0,46467.0,9843.0,50785.0,28208.0,35234.0,23043.0,38025.0,32251.0,20791.0,19461.0,23645.0,4463.0,3820.0,45456.0,7415.0,19903.0,20175.0,24681.0,17379.0,1.0,0.0,1.0,0.0,0.0
GCF_000012745,20259.0,50790.0,30222.0,97044.0,115030.0,38499.0,43471.0,67457.0,71550.0,49494.0,45007.0,65303.0,11934.0,7794.0,29238.0,20498.0,21432.0,43520.0,31374.0,22364.0,0.0,0.0,0.0,0.0,0.0
GCF_000008085,2588.0,11911.0,3356.0,15768.0,7848.0,15807.0,7008.0,8994.0,8017.0,7507.0,6055.0,5918.0,1456.0,1255.0,16370.0,2030.0,8545.0,6205.0,6719.0,7956.0,0.0,0.0,0.0,0.0,0.0
GCF_000006765,38362.0,113134.0,79022.0,231816.0,216661.0,77566.0,102584.0,127900.0,156883.0,99001.0,94337.0,141607.0,27689.0,18681.0,53334.0,40354.0,47234.0,77451.0,66099.0,49147.0,0.0,0.0,1.0,0.0,0.0
GCF_000012985,50777.0,134602.0,87925.0,220067.0,203017.0,112100.0,134986.0,142670.0,151972.0,119479.0,92726.0,123025.0,29126.0,21633.0,93204.0,44867.0,64532.0,102073.0,81132.0,75189.0,0.0,0.0,0.0,0.0,0.0
GCF_000384055,53747.0,114657.0,65131.0,211244.0,263060.0,115543.0,119148.0,157687.0,181776.0,120421.0,106656.0,143561.0,28806.0,17677.0,78472.0,43380.0,47667.0,111282.0,82427.0,57170.0,2.0,0.0,0.0,0.0,0.0
GCF_000027325,2787.0,10168.0,8595.0,19316.0,10045.0,14836.0,12343.0,11023.0,8543.0,8870.0,5483.0,5577.0,1806.0,1460.0,17208.0,2844.0,5836.0,9963.0,11064.0,13762.0,0.0,0.0,0.0,0.0,0.0
GCF_000020645,21117.0,58402.0,29465.0,88712.0,71239.0,57165.0,55949.0,56155.0,59426.0,43611.0,35243.0,46801.0,9339.0,9705.0,47888.0,18542.0,26137.0,43920.0,37811.0,32565.0,0.0,0.0,0.0,0.0,0.0
GCF_000012965,17723.0,48452.0,19397.0,66025.0,46287.0,59068.0,49402.0,41463.0,38534.0,38617.0,18762.0,23347.0,4715.0,5754.0,56849.0,12645.0,26004.0,33361.0,33689.0,35409.0,0.0,0.0,1.0,0.0,0.0
GCF_000026085,26253.0,63097.0,53435.0,116097.0,99254.0,74519.0,73180.0,73510.0,71227.0,59650.0,40528.0,43922.0,12161.0,10972.0,64509.0,24242.0,34943.0,61412.0,47504.0,55157.0,0.0,0.0,0.0,0.0,0.0
GCF_000008545,14056.0,52259.0,11774.0,58692.0,34222.0,42030.0,33094.0,50382.0,40406.0,29038.0,23354.0,32388.0,6431.0,4137.0,44580.0,9266.0,20915.0,26482.0,30347.0,21119.0,2.0,0.0,0.0,0.0,0.0
GCF_000604165,34779.0,93182.0,45185.0,123318.0,99625.0,90582.0,76190.0,84779.0,89736.0,65118.0,47069.0,55225.0,12986.0,9833.0,89355.0,27926.0,43362.0,65628.0,57749.0,48664.0,0.0,0.0,0.0,0.0,0.0
GCF_000020785,11426.0,34207.0,12540.0,47377.0,30159.0,45596.0,30602.0,31397.0,29636.0,26367.0,17895.0,16477.0,3743.0,4230.0,45120.0,8327.0,22321.0,22195.0,25431.0,24682.0,0.0,0.0,0.0,0.0,0.0
GCF_000021025,22026.0,46922.0,35369.0,99113.0,105417.0,40622.0,47088.0,65884.0,71447.0,47739.0,44634.0,61450.0,13011.0,9226.0,27361.0,19571.0,20057.0,44632.0,30722.0,23718.0,0.0,0.0,0.0,0.0,0.0
GCF_000013965,18773.0,68654.0,29741.0,98537.0,52783.0,73912.0,72897.0,55895.0,62460.0,45160.0,37448.0,46966.0,10077.0,8299.0,74033.0,16454.0,33568.0,46725.0,54550.0,44457.0,0.0,0.0,0.0,0.0,0.0
GCF_000023445,37519.0,89581.0,39626.0,124148.0,104179.0,83461.0,80892.0,87924.0,95071.0,71357.0,52619.0,60880.0,13427.0,16863.0,79264.0,23483.0,37192.0,62401.0,55277.0,49433.0,0.0,0.0,7.0,0.0,0.0
GCF_000006845,13801.0,34253.0,21111.0,53768.0,56723.0,31569.0,29600.0,37469.0,43660.0,29041.0,23650.0,31265.0,6386.0,5963.0,31060.0,11880.0,16292.0,27764.0,22761.0,21830.0,0.0,0.0,0.0,0.0,0.0
GCF_000255295,58260.0,185805.0,105373.0,329892.0,364257.0,84511.0,166962.0,247184.0,262622.0,158512.0,187595.0,232996.0,41968.0,27018.0,92172.0,63319.0,62223.0,169856.0,101450.0,65146.0,0.0,0.0,1.0,0.0,0.0
GCF_000007005,17116.0,53720.0,16317.0,81049.0,44269.0,75730.0,52586.0,58046.0,50705.0,37126.0,30003.0,35846.0,8125.0,4853.0,60108.0,10030.0,37655.0,36900.0,34535.0,39284.0,0.0,0.0,0.0,0.0,0.0
GCF_000195295,20800.0,58458.0,39549.0,106823.0,83234.0,57809.0,48297.0,63409.0,71092.0,44165.0,47614.0,59833.0,11884.0,11350.0,42641.0,19375.0,28217.0,45509.0,38422.0,29571.0,0.0,0.0,6.0,0.0,0.0
GCF_000013725,20748.0,50477.0,16838.0,61811.0,46809.0,58461.0,46603.0,50324.0,48638.0,43716.0,24868.0,28300.0,5917.0,8284.0,44449.0,13326.0,23255.0,37258.0,27790.0,31849.0,0.0,0.0,0.0,0.0,0.0
GCF_000012805,21669.0,65798.0,44625.0,112684.0,94623.0,58489.0,56628.0,65545.0,75906.0,46911.0,49495.0,65798.0,14810.0,9991.0,41915.0,24159.0,28689.0,49651.0,39513.0,31854.0,0.0,0.0,0.0,0.0,0.0
GCF_001038695,36698.0,95655.0,41483.0,122009.0,88101.0,89618.0,77073.0,89013.0,94054.0,68554.0,47108.0,56210.0,13525.0,8477.0,78336.0,28197.0,41722.0,66441.0,55260.0,44149.0,0.0,0.0,0.0,0.0,0.0
GCF_000222305,7095.0,26671.0,9607.0,39440.0,17104.0,39639.0,28482.0,19551.0,18699.0,20180.0,9321.0,12170.0,1810.0,2762.0,41099.0,4821.0,16544.0,16091.0,22981.0,28876.0,0.0,0.0,0.0,0.0,0.0
GCF_000195675,40219.0,80172.0,65102.0,174457.0,224577.0,70464.0,79849.0,122864.0,141844.0,86671.0,88904.0,121665.0,22806.0,15077.0,41922.0,35342.0,39737.0,78171.0,52661.0,39042.0,0.0,0.0,0.0,0.0,0.0
GCF_000744185,17000.0,46285.0,22723.0,60464.0,41175.0,51827.0,38678.0,41620.0,40001.0,32115.0,20105.0,22257.0,5099.0,3245.0,45848.0,10594.0,21656.0,36535.0,27276.0,30241.0,0.0,0.0,0.0,0.0,0.0
GCF_000009045,34186.0,89213.0,47139.0,118655.0,94421.0,90511.0,77099.0,82925.0,85003.0,63732.0,45024.0,50222.0,12696.0,9635.0,86714.0,27864.0,42862.0,66571.0,55281.0,48488.0,0.0,0.0,0.0,0.0,0.0
GCF_000009285,53604.0,109082.0,81413.0,223341.0,283715.0,92312.0,108582.0,162318.0,180692.0,110948.0,115335.0,154271.0,29463.0,21006.0,60565.0,48593.0,50497.0,108877.0,73018.0,53670.0,0.0,0.0,0.0,0.0,0.0
GCF_000239475,5444.0,20269.0,6741.0,30742.0,13282.0,32076.0,22242.0,15561.0,15292.0,15285.0,7492.0,9548.0,1473.0,1961.0,30688.0,3617.0,12553.0,11853.0,18414.0,21648.0,3.0,0.0,0.0,0.0,0.0
GCF_000007585,17578.0,42865.0,20831.0,62485.0,49928.0,43413.0,41030.0,40994.0,44409.0,34641.0,26229.0,38350.0,6600.0,7470.0,35913.0,13353.0,24889.0,33913.0,28579.0,25706.0,0.0,0.0,0.0,0.0,0.0
GCF_000020265,45753.0,105172.0,56289.0,181204.0,216980.0,103642.0,106364.0,130366.0,149676.0,103350.0,88177.0,122473.0,23235.0,14783.0,66919.0,36783.0,42283.0,95102.0,71469.0,51907.0,0.0,0.0,0.0,0.0,0.0
GCF_000007785,24896.0,71700.0,43460.0,94096.0,70407.0,69505.0,55447.0,66374.0,62271.0,47336.0,34143.0,36130.0,9109.0,6379.0,68058.0,16395.0,35292.0,59973.0,44185.0,45228.0,0.0,0.0,0.0,0.0,0.0
GCF_000011385,24039.0,85079.0,57952.0,158056.0,154545.0,61405.0,75970.0,104433.0,115237.0,68358.0,78194.0,102644.0,20841.0,14235.0,40067.0,25927.0,36525.0,71623.0,51676.0,37543.0,0.0,0.0,0.0,0.0,0.0
GCF_000010565,19758.0,60305.0,24512.0,85221.0,78918.0,51528.0,41772.0,64527.0,70236.0,38157.0,37855.0,53415.0,8223.0,10478.0,46870.0,13576.0,25519.0,37545.0,32018.0,27510.0,0.0,0.0,0.0,0.0,0.0
GCF_000012865,14970.0,56992.0,20125.0,78749.0,55014.0,53635.0,32608.0,53805.0,54016.0,30585.0,30037.0,33630.0,6052.0,6350.0,55857.0,10800.0,26017.0,34533.0,32474.0,29305.0,1.0,0.0,6.0,0.0,0.0
GCF_000010325,14093.0,44374.0,20046.0,58942.0,41394.0,50466.0,32236.0,37291.0,35432.0,31555.0,21266.0,23577.0,5120.0,5239.0,53077.0,12265.0,24192.0,27511.0,30597.0,25299.0,0.0,0.0,0.0,0.0,0.0
GCF_000143725,19063.0,51739.0,15388.0,66956.0,45025.0,79150.0,50626.0,44024.0,41735.0,44890.0,20387.0,24076.0,4676.0,6741.0,67563.0,9867.0,37550.0,37143.0,37062.0,57534.0,0.0,0.0,3.0,0.0,0.0
GCF_000009905,22472.0,66261.0,34018.0,109798.0,121915.0,44143.0,42887.0,85245.0,90548.0,48789.0,58098.0,83039.0,14458.0,8549.0,24752.0,19594.0,25127.0,49718.0,31049.0,20628.0,0.0,0.0,5.0,0.0,0.0
GCF_000024805,51137.0,181023.0,87373.0,280970.0,368716.0,100838.0,158815.0,196736.0,231709.0,170493.0,150205.0,229267.0,34595.0,31154.0,56979.0,61166.0,59765.0,125105.0,84332.0,53973.0,0.0,0.0,3.0,0.0,0.0
GCF_000007905,13157.0,35328.0,21872.0,56264.0,38638.0,46807.0,38177.0,29905.0,32932.0,26925.0,18063.0,19880.0,4392.0,7397.0,41238.0,12328.0,21553.0,25005.0,27931.0,28774.0,0.0,0.0,1.0,0.0,0.0
GCF_000013185,4804.0,9776.0,8728.0,21184.0,13556.0,19173.0,11773.0,11332.0,11853.0,8639.0,7084.0,9701.0,2155.0,2578.0,11494.0,4973.0,6894.0,10306.0,7244.0,11086.0,11.0,1.0,0.0,0.0,0.0
GCF_000092245,22923.0,68306.0,26419.0,95716.0,57138.0,94478.0,66490.0,57773.0,55039.0,56018.0,27284.0,27578.0,7306.0,8845.0,93086.0,15367.0,39952.0,51840.0,50825.0,62963.0,0.0,0.0,2.0,0.0,0.0
GCF_000010165,52330.0,128299.0,77547.0,181906.0,144495.0,120032.0,107697.0,134539.0,127706.0,89469.0,73886.0,88135.0,22170.0,13714.0,102204.0,39591.0,59892.0,101717.0,74595.0,64891.0,0.0,0.0,0.0,0.0,0.0
GCF_000007305,12502.0,50191.0,9629.0,56098.0,36779.0,48757.0,27148.0,43948.0,39944.0,24472.0,23867.0,29557.0,6673.0,3262.0,45200.0,8396.0,22222.0,24481.0,24406.0,19245.0,0.0,0.0,0.0,0.0,0.0
GCF_000018405,31990.0,68994.0,35493.0,109808.0,113353.0,69744.0,61225.0,85295.0,90577.0,68389.0,54195.0,68657.0,13369.0,15451.0,57945.0,24072.0,34251.0,65189.0,50305.0,39528.0,0.0,0.0,4.0,0.0,0.0
GCF_000012685,55352.0,175290.0,94211.0,301420.0,335973.0,80545.0,154988.0,226068.0,237974.0,141439.0,168330.0,221898.0,37246.0,25377.0,77890.0,58914.0,56201.0,147400.0,91286.0,57862.0,0.0,0.0,0.0,0.0,0.0
GCF_000020505,17866.0,45539.0,21405.0,66182.0,59432.0,41539.0,42220.0,46662.0,50029.0,35671.0,29290.0,38216.0,7315.0,7073.0,34160.0,13789.0,18885.0,33893.0,28605.0,22723.0,0.0,0.0,0.0,0.0,0.0
GCF_000012425,34059.0,81508.0,51057.0,147060.0,155196.0,72500.0,76003.0,95971.0,107732.0,71763.0,65540.0,85957.0,18395.0,13982.0,55647.0,29690.0,31867.0,67838.0,51049.0,41665.0,0.0,0.0,0.0,0.0,0.0
GCF_000009145,19328.0,47370.0,33986.0,84416.0,73144.0,50782.0,47761.0,53204.0,57076.0,42243.0,36271.0,50037.0,10437.0,7548.0,32062.0,19580.0,22257.0,43218.0,31100.0,28305.0,0.0,0.0,0.0,0.0,0.0
GCF_000006785,13220.0,32945.0,22227.0,52504.0,40328.0,38231.0,31907.0,34618.0,33335.0,29821.0,17293.0,20484.0,4360.0,3254.0,36331.0,10600.0,18952.0,30301.0,22739.0,22534.0,0.0,0.0,0.0,0.0,0.0
GCF_000165485,58675.0,199138.0,114351.0,339417.0,354760.0,98536.0,183621.0,234401.0,265576.0,144070.0,190134.0,233736.0,43105.0,29971.0,93672.0,65980.0,66969.0,165746.0,104640.0,71244.0,0.0,0.0,0.0,0.0,0.0
GCF_000022105,22069.0,59987.0,17794.0,75217.0,50427.0,90834.0,58233.0,48269.0,45894.0,52914.0,22426.0,27059.0,5192.0,7522.0,76552.0,11495.0,43661.0,41333.0,42220.0,67010.0,0.0,0.0,1.0,0.0,0.0
GCF_000020465,20158.0,52682.0,24479.0,79663.0,68263.0,50859.0,52506.0,53277.0,60589.0,43063.0,33583.0,46767.0,8157.0,8926.0,39429.0,16574.0,23994.0,40661.0,34708.0,28557.0,0.0,0.0,0.0,0.0,0.0
GCF_000006685,6527.0,21194.0,13626.0,36341.0,23299.0,21924.0,26719.0,20729.0,20475.0,14747.0,13988.0,15446.0,3161.0,5225.0,19453.0,7360.0,10004.0,16438.0,15853.0,11886.0,12.0,2.0,0.0,0.0,0.0
GCF_000022125,23248.0,46324.0,28323.0,85809.0,89924.0,36650.0,44335.0,56425.0,66617.0,40717.0,41565.0,51884.0,10192.0,12937.0,30749.0,17745.0,19529.0,38541.0,29106.0,23730.0,0.0,0.0,6.0,0.0,0.0
GCF_000092845,22937.0,63990.0,18438.0,78411.0,53307.0,93731.0,61804.0,49938.0,47845.0,55168.0,23393.0,29180.0,5557.0,8148.0,80760.0,11906.0,45864.0,43026.0,43986.0,69058.0,0.0,0.0,3.0,0.0,0.0
GCF_000191045,8576.0,40665.0,9735.0,47598.0,28181.0,40227.0,26521.0,34313.0,31124.0,21292.0,18076.0,21286.0,3714.0,4555.0,47607.0,6907.0,17004.0,21673.0,24381.0,19028.0,0.0,0.0,3.0,0.0,0.0
GCF_000008765,30230.0,79513.0,27328.0,101077.0,66339.0,112389.0,79506.0,77440.0,74102.0,64970.0,31882.0,39196.0,8651.0,13978.0,109779.0,15649.0,50272.0,58083.0,52365.0,76674.0,0.0,0.0,0.0,0.0,0.0
GCF_000195915,14507.0,27353.0,9758.0,38028.0,31637.0,41166.0,34197.0,32607.0,32867.0,26169.0,17817.0,24932.0,3853.0,2613.0,25812.0,7380.0,21057.0,21664.0,21334.0,19290.0,0.0,0.0,0.0,0.0,0.0
GCF_000027145,22216.0,61399.0,28717.0,78263.0,62931.0,64807.0,48281.0,57588.0,54401.0,44835.0,28353.0,29974.0,7573.0,4996.0,58596.0,14495.0,28117.0,50835.0,37355.0,38575.0,0.0,0.0,0.0,0.0,0.0
GCF_000010045,43549.0,114366.0,62933.0,167369.0,131719.0,112527.0,92862.0,110033.0,123054.0,77979.0,66115.0,76324.0,18189.0,18986.0,94146.0,30515.0,54836.0,83053.0,64604.0,60617.0,0.0,0.0,2.0,0.0,0.0
GCF_001590685,35945.0,90927.0,41407.0,120010.0,91507.0,99357.0,75142.0,89194.0,87981.0,65111.0,43877.0,49617.0,12187.0,7904.0,80169.0,24017.0,40815.0,71440.0,56988.0,52271.0,0.0,0.0,0.0,0.0,0.0
GCF_000193205,13526.0,38733.0,28322.0,56163.0,44453.0,40605.0,34887.0,37758.0,38102.0,36109.0,20555.0,22752.0,4815.0,3554.0,35422.0,11612.0,22313.0,28341.0,23383.0,25559.0,0.0,0.0,0.0,0.0,0.0
GCF_000259345,7561.0,24869.0,9723.0,36792.0,19041.0,38218.0,25882.0,21740.0,20421.0,21326.0,8251.0,12469.0,1723.0,2697.0,37495.0,5011.0,15363.0,16052.0,20444.0,26809.0,0.0,0.0,0.0,0.0,0.0
GCF_000006945,39768.0,79878.0,62503.0,151980.0,139457.0,84592.0,82957.0,100143.0,105138.0,74344.0,63733.0,80573.0,21766.0,16495.0,61482.0,32724.0,41056.0,78343.0,55120.0,54327.0,0.0,0.0,3.0,0.0,0.0
GCF_000143965,29371.0,63214.0,44937.0,123083.0,139284.0,48652.0,50440.0,79588.0,97556.0,60187.0,57359.0,78635.0,14555.0,13947.0,39997.0,22121.0,24893.0,45306.0,37282.0,27803.0,0.0,0.0,4.0,0.0,0.0
GCF_000027345,3764.0,13269.0,12517.0,24347.0,15490.0,15633.0,14832.0,15197.0,12729.0,11491.0,8149.0,8189.0,2705.0,1772.0,20041.0,4261.0,7537.0,13788.0,13127.0,14425.0,0.0,0.0,0.0,0.0,0.0
GCF_000169195,26437.0,67900.0,33486.0,91869.0,77994.0,66866.0,51851.0,65572.0,69065.0,45875.0,36844.0,44115.0,9691.0,7816.0,67234.0,20617.0,32133.0,49325.0,42892.0,36013.0,0.0,0.0,0.0,0.0,0.0
GCF_000014965,33946.0,90062.0,39458.0,137764.0,126793.0,74517.0,77487.0,103214.0,112496.0,70417.0,68721.0,101887.0,16381.0,18809.0,58207.0,28954.0,36528.0,65829.0,56099.0,39026.0,0.0,0.0,16.0,0.0,0.0
GCF_000010125,18798.0,47272.0,28353.0,64660.0,45195.0,60931.0,42731.0,46713.0,43699.0,40062.0,22404.0,23607.0,5335.0,4249.0,49184.0,16152.0,26731.0,39385.0,31497.0,37709.0,0.0,0.0,0.0,0.0,0.0
GCF_000007145,30297.0,69030.0,64886.0,154940.0,188110.0,57564.0,78385.0,104961.0,118721.0,81764.0,76488.0,105922.0,22879.0,12453.0,38365.0,32781.0,34408.0,75669.0,46613.0,37367.0,1.0,0.0,0.0,0.0,0.0
GCF_000006825,16010.0,40332.0,33868.0,72504.0,56893.0,45446.0,37385.0,44795.0,43435.0,32458.0,25587.0,29401.0,7795.0,7194.0,39045.0,15688.0,21354.0,35014.0,29311.0,28517.0,0.0,0.0,0.0,0.0,0.0
GCF_000008665,17001.0,58522.0,11626.0,61971.0,51460.0,47362.0,35789.0,56419.0,47472.0,32131.0,25108.0,37625.0,6748.0,7643.0,45065.0,9802.0,23850.0,27115.0,29857.0,20955.0,0.0,0.0,0.0,0.0,0.0
GCF_000012765,4995.0,17421.0,10885.0,28899.0,13053.0,29134.0,19504.0,15603.0,12445.0,16340.0,7078.0,7325.0,2994.0,1706.0,31008.0,3786.0,11872.0,15386.0,15196.0,24296.0,0.0,0.0,0.0,0.0,0.0
GCF_000019685,8613.0,28108.0,11460.0,41841.0,20235.0,43086.0,29358.0,24146.0,21971.0,24213.0,9434.0,14210.0,2006.0,3224.0,42047.0,5826.0,17642.0,18309.0,23397.0,30593.0,0.0,0.0,0.0,0.0,0.0
GCF_000010065,12244.0,44622.0,48159.0,96386.0,82752.0,42564.0,47216.0,51988.0,56517.0,40294.0,43111.0,53486.0,13772.0,8543.0,20231.0,13605.0,19256.0,40823.0,27153.0,21574.0,0.0,0.0,0.0,0.0,0.0
GCF_000200595,11705.0,29633.0,23289.0,56977.0,40113.0,32277.0,31582.0,30805.0,32777.0,23395.0,20061.0,20544.0,4262.0,6397.0,35077.0,13638.0,18278.0,23565.0,24557.0,21530.0,0.0,0.0,0.0,0.0,0.0
GCF_000007065,24769.0,81561.0,24642.0,94226.0,70985.0,76849.0,68018.0,68960.0,72684.0,52685.0,40146.0,46418.0,9325.0,12310.0,67856.0,16569.0,35274.0,51198.0,43253.0,43476.0,0.0,0.0,0.0,0.0,0.0
GCF_000161415,41483.0,109224.0,56697.0,139154.0,94420.0,116721.0,83869.0,102142.0,95995.0,68302.0,48983.0,56996.0,15617.0,12968.0,108423.0,31627.0,55876.0,78529.0,68384.0,66084.0,15.0,0.0,0.0,0.0,0.0
GCF_000015125,21387.0,56417.0,27987.0,86761.0,70323.0,56438.0,57692.0,56650.0,62089.0,45402.0,35380.0,48539.0,9015.0,9707.0,46589.0,17993.0,26105.0,43985.0,37948.0,32442.0,0.0,0.0,0.0,0.0,0.0
GCF_000009305,10083.0,29411.0,15342.0,48709.0,28976.0,31692.0,29166.0,24876.0,25210.0,20127.0,14127.0,14779.0,2945.0,4778.0,38033.0,9507.0,15712.0,18820.0,23345.0,24447.0,0.0,0.0,0.0,0.0,0.0
GCF_000008985,11272.0,27478.0,18373.0,47421.0,34056.0,45679.0,32995.0,30637.0,28068.0,27488.0,15084.0,16371.0,4307.0,5436.0,39189.0,8680.0,20358.0,24902.0,24205.0,28395.0,0.0,0.0,0.0,0.0,0.0
GCF_000015045,31666.0,77646.0,40714.0,127525.0,111085.0,71466.0,74643.0,83353.0,94261.0,63094.0,54311.0,83523.0,12522.0,16391.0,51369.0,24672.0,31908.0,62439.0,46936.0,38672.0,0.0,0.0,0.0,0.0,0.0
GCF_000212675,32048.0,77539.0,41770.0,133238.0,124886.0,57242.0,66848.0,84415.0,96913.0,62216.0,57967.0,83039.0,14753.0,14818.0,47695.0,24108.0,29101.0,56543.0,44952.0,30974.0,0.0,0.0,11.0,0.0,0.0
GCF_000019205,10897.0,34526.0,15884.0,51160.0,32951.0,42727.0,30902.0,25715.0,25796.0,26051.0,12476.0,13746.0,3056.0,6042.0,47243.0,8107.0,18772.0,19373.0,28730.0,31076.0,0.0,0.0,1.0,0.0,0.0
GCF_000020725,33216.0,88196.0,44915.0,139158.0,133030.0,71196.0,78005.0,98492.0,107651.0,65825.0,61034.0,79165.0,13226.0,17238.0,66233.0,26085.0,36292.0,66660.0,52255.0,41221.0,0.0,0.0,9.0,0.0,0.0
GCF_000003135,17401.0,38553.0,22999.0,58716.0,76243.0,36315.0,41294.0,51932.0,54831.0,44705.0,31923.0,39258.0,9450.0,6394.0,27544.0,14573.0,18346.0,42526.0,22909.0,23291.0,0.0,0.0,0.0,0.0,0.0
GCF_000006745,30935.0,71201.0,59331.0,123860.0,105107.0,68891.0,71644.0,80453.0,76789.0,57640.0,45941.0,56353.0,15056.0,11783.0,55999.0,27298.0,33726.0,59175.0,46121.0,44296.0,18.0,0.0,0.0,0.0,1.0
GCF_000175175,18114.0,44930.0,29585.0,61419.0,41974.0,57603.0,40546.0,44486.0,41660.0,40166.0,21695.0,23357.0,5043.0,4034.0,48934.0,16314.0,25684.0,37867.0,29694.0,37574.0,0.0,0.0,0.0,0.0,0.0
GCF_000147075,16273.0,65017.0,19495.0,85816.0,63283.0,40033.0,42684.0,64807.0,64103.0,36436.0,40678.0,59316.0,10820.0,6294.0,27738.0,16708.0,24878.0,38132.0,31938.0,15725.0,0.0,0.0,0.0,0.0,0.0
GCF_000143985,37139.0,101650.0,42628.0,147920.0,117545.0,102940.0,98026.0,95142.0,110085.0,78293.0,58928.0,82455.0,14941.0,14795.0,75291.0,27594.0,46779.0,71245.0,66302.0,48951.0,0.0,0.0,0.0,0.0,0.0
GCF_000008185,20318.0,62117.0,23623.0,82848.0,60396.0,73894.0,58728.0,49133.0,54579.0,45934.0,29505.0,32596.0,7654.0,10027.0,74815.0,12611.0,33827.0,43329.0,46416.0,44476.0,0.0,0.0,6.0,0.0,0.0
GCF_000012225,2948.0,9480.0,8858.0,17307.0,7197.0,14883.0,8677.0,7787.0,6993.0,7051.0,5047.0,4121.0,946.0,1595.0,17513.0,3085.0,5980.0,9274.0,9302.0,11231.0,0.0,0.0,0.0,0.0,0.0
