,KO
0,K00103
1,K00105
2,K00106
3,K00107
4,K00116
5,K00157
6,K00158
7,K00227
8,K00228
9,K00231
10,K00231
11,K00232
12,K00272
13,K00273
14,K00274
15,K00275
16,K00276
17,K00277
18,K00278
19,K00301
20,K00302
21,K00302
22,K00303
23,K00303
24,K00304
25,K00304
26,K00305
27,K00305
28,K00306
29,K00306
30,K00307
31,K00308
32,K00309
33,K00316
34,K00365
35,K00368
36,K00387
37,K00404
38,K00421
39,K00422
40,K00423
41,K00424
42,K00425
43,K00426
44,K00446
45,K00448
46,K00449
47,K00450
48,K00451
49,K00452
50,K00453
51,K00454
52,K00455
53,K00456
54,K00457
55,K00458
56,K00459
57,K00460
58,K00461
59,K00462
60,K00463
61,K00464
62,K00466
63,K00467
64,K00468
65,K00469
66,K00471
67,K00472
68,K00473
69,K00474
70,K00475
71,K00476
72,K00477
73,K00478
74,K00479
75,K00480
76,K00481
77,K00483
78,K00485
79,K00486
80,K00487
81,K00488
82,K00489
83,K00490
84,K00491
85,K00492
86,K00494
87,K00495
88,K00496
89,K00497
90,K00498
91,K00499
92,K00500
93,K00501
94,K00502
95,K00503
96,K00504
97,K00505
98,K00507
99,K00508
100,K00509
101,K00510
102,K00511
103,K00512
104,K00512
105,K00513
106,K00514
107,K00515
108,K00516
109,K00518
110,K00594
111,K01601
112,K01602
113,K01618
114,K01633
115,K02229
116,K02256
117,K02274
118,K02275
119,K02276
120,K02277
121,K02297
122,K02298
123,K02609
124,K02611
125,K02703
126,K02706
127,K02826
128,K02827
129,K02828
130,K02829
131,K03119
132,K03153
133,K03184
134,K03268
135,K03268
136,K03268
137,K03333
138,K03334
139,K03343
140,K03379
141,K03380
142,K03381
143,K03391
144,K03393
145,K03594
146,K03781
147,K03782
148,K03862
149,K03897
150,K03921
151,K03921
152,K03921
153,K03922
154,K04035
155,K04091
156,K04091
157,K04098
158,K04099
159,K04100
160,K04101
161,K04122
162,K04123
163,K04124
164,K04125
165,K04126
166,K04564
167,K04565
168,K04618
169,K04712
170,K04712
171,K04713
172,K04719
173,K05277
174,K05278
175,K05280
176,K05282
177,K05525
178,K05549
179,K05550
180,K05599
181,K05600
182,K05708
183,K05709
184,K05712
185,K05713
186,K05897
187,K05906
188,K05906
189,K05909
190,K05913
191,K05914
192,K05915
193,K05915
194,K05916
195,K05917
196,K05917
197,K05918
198,K05933
199,K06072
200,K06134
201,K06137
202,K06169
203,K06324
204,K06709
205,K06709
206,K06892
207,K06911
208,K07104
209,K07145
210,K07155
211,K07215
212,K07226
213,K07381
214,K07382
215,K07408
216,K07409
217,K07410
218,K07411
219,K07412
220,K07413
221,K07414
222,K07416
223,K07418
224,K07418
225,K07418
226,K07418
227,K07419
228,K07420
229,K07422
230,K07424
231,K07425
232,K07426
233,K07427
234,K07428
235,K07429
236,K07430
237,K07431
238,K07433
239,K07433
240,K07434
241,K07436
242,K07438
243,K07439
244,K07440
245,K07748
246,K07750
247,K07824
248,K08022
249,K08080
250,K08100
251,K08134
252,K08262
253,K08686
254,K08689
255,K08967
256,K08967
257,K09018
258,K09162
259,K09461
260,K09587
261,K09588
262,K09590
263,K09754
264,K09827
265,K09831
266,K09832
267,K09836
268,K09836
269,K09837
270,K09838
271,K09840
272,K09842
273,K09843
274,K09847
275,K10027
276,K10027
277,K10027
278,K10106
279,K10210
280,K10223
281,K10224
282,K10226
283,K10252
284,K10256
285,K10257
286,K10276
287,K10277
288,K10437
289,K10438
290,K10529
291,K10530
292,K10531
293,K10531
294,K10616
295,K10619
296,K10621
297,K10674
298,K10676
299,K10712
300,K10723
301,K10724
302,K10758
303,K10765
304,K10766
305,K10944
306,K10944
307,K11182
308,K11445
309,K11446
310,K11447
311,K11448
312,K11517
313,K11812
314,K11813
315,K11816
316,K11817
317,K11818
318,K11948
319,K11987
320,K12153
321,K12154
322,K12155
323,K12156
324,K12259
325,K12262
326,K12637
327,K12638
328,K12639
329,K12640
330,K12640
331,K12645
332,K12675
333,K12692
334,K12692
335,K12696
336,K12697
337,K12708
338,K12708
339,K12744
340,K12745
341,K12905
342,K12922
343,K12924
344,K13027
345,K13029
346,K13071
347,K13074
348,K13076
349,K13077
350,K13079
351,K13083
352,K13223
353,K13224
354,K13225
355,K13226
356,K13229
357,K13240
358,K13241
359,K13242
360,K13257
361,K13260
362,K13260
363,K13261
364,K13366
365,K13366
366,K13367
367,K13371
368,K13372
369,K13373
370,K13385
371,K13387
372,K13389
373,K13391
374,K13395
375,K13395
376,K13395
377,K13400
378,K13401
379,K13406
380,K13411
381,K13427
382,K13444
383,K13552
384,K13561
385,K13600
386,K13608
387,K13624
388,K13645
389,K13646
390,K13647
391,K14039
392,K14040
393,K14252
394,K14252
395,K14253
396,K14256
397,K14256
398,K14257
399,K14266
400,K14331
401,K14338
402,K14366
403,K14370
404,K14423
405,K14424
406,K14481
407,K14520
408,K14579
409,K14579
410,K14579
411,K14580
412,K14580
413,K14580
414,K14583
415,K14588
416,K14732
417,K14732
418,K14733
419,K14735
420,K14937
421,K14937
422,K14938
423,K14974
424,K14975
425,K14976
426,K14984
427,K15059
428,K15059
429,K15089
430,K15093
431,K15099
432,K15240
433,K15246
434,K15359
435,K15401
436,K15404
437,K15408
438,K15472
439,K15511
440,K15512
441,K15537
442,K15601
443,K15718
444,K15737
445,K15745
446,K15746
447,K15750
448,K15751
449,K15757
450,K15760
451,K15761
452,K15763
453,K15764
454,K15766
455,K15767
456,K15800
457,K15805
458,K15814
459,K15854
460,K15862
461,K15864
462,K15907
463,K15941
464,K15949
465,K15949
466,K15950
467,K15955
468,K15969
469,K15972
470,K15981
471,K15982
472,K15983
473,K15991
474,K16006
475,K16046
476,K16047
477,K16049
478,K16083
479,K16084
480,K16084
481,K16085
482,K16157
483,K16158
484,K16159
485,K16161
486,K16242
487,K16242
488,K16243
489,K16243
490,K16244
491,K16244
492,K16245
493,K16245
494,K16246
495,K16246
496,K16265
497,K16268
498,K16268
499,K16268
500,K16303
501,K16319
502,K16320
503,K16421
504,K16422
505,K16427
506,K16593
507,K16627
508,K16838
509,K16839
510,K16873
511,K16901
512,K16901
513,K16914
514,K16914
515,K16914
516,K16952
517,K16967
518,K16968
519,K16969
520,K17066
521,K17228
522,K17285
523,K17474
524,K17475
525,K17476
526,K17483
527,K17643
528,K17645
529,K17651
530,K17685
531,K17687
532,K17689
533,K17689
534,K17689
535,K17689
536,K17689
537,K17690
538,K17691
539,K17692
540,K17712
541,K17718
542,K17719
543,K17719
544,K17719
545,K17720
546,K17721
547,K17721
548,K17721
549,K17721
550,K17725
551,K17726
552,K17726
553,K17726
554,K17728
555,K17729
556,K17729
557,K17730
558,K17731
559,K17755
560,K17756
561,K17783
562,K17825
563,K17826
564,K17827
565,K17831
566,K17833
567,K17839
568,K17842
569,K17862
570,K17863
571,K17864
572,K17869
573,K17870
574,K17873
575,K17875
576,K17876
577,K17891
578,K17893
579,K17912
580,K17913
581,K17913
582,K17940
583,K17951
584,K17961
585,K17961
586,K18028
587,K18031
588,K18048
589,K18049
590,K18053
591,K18054
592,K18054
593,K18056
594,K18057
595,K18058
596,K18066
597,K18068
598,K18071
599,K18074
600,K18075
601,K18091
602,K18091
603,K18208
604,K18221
605,K18223
606,K18224
607,K18228
608,K18229
609,K18242
610,K18243
611,K18250
612,K18276
613,K18277
614,K18315
615,K18371
616,K18607
617,K18800
618,K18912
619,K19054
620,K19065
621,K19069
622,K19189
623,K19191
624,K19219
625,K19246
626,K19356
627,K19415
628,K19628
629,K19703
630,K19706
631,K19714
632,K19799
633,K19817
634,K19823
635,K19826
636,K19884
637,K19885
638,K19885
639,K19886
640,K19887
641,K19890
642,K19947
643,K20089
644,K20090
645,K20147
646,K20148
647,K20149
648,K20153
649,K20155
650,K20157
651,K20204
652,K20204
653,K20209
654,K20219
655,K20246
656,K20262
657,K20418
658,K20420
659,K20495
660,K20496
661,K20501
662,K20502
663,K20512
664,K20513
665,K20544
666,K20545
667,K20546
668,K20550
669,K20559
670,K20561
671,K20565
672,K20565
673,K20566
674,K20574
675,K20577
676,K20612
677,K20618
678,K20621
679,K20622
680,K20624
681,K20656
682,K20665
683,K20667
684,K20767
685,K20785
686,K20808
687,K20929
688,K20940
689,K20942
690,K20943
691,K20944
692,K20980
693,K20980
694,K21036
695,K21069
696,K21070
697,K21114
698,K21120
699,K21146
700,K21184
701,K21195
702,K21196
703,K21199
704,K21202
705,K21205
706,K21206
707,K21207
708,K21208
709,K21236
710,K21267
711,K21270
712,K21272
713,K21280
714,K21281
715,K21291
716,K21292
717,K21317
718,K21318
719,K21319
720,K21323
721,K21323
722,K21375
723,K21376
724,K21418
725,K21480
726,K21481
727,K21569
728,K21614
729,K21615
730,K21639
731,K21683
732,K21684
733,K21692
734,K21693
735,K21704
736,K21705
737,K21706
738,K21707
739,K21709
740,K21713
741,K21714
742,K21715
743,K21716
744,K21717
745,K21718
746,K21719
747,K21719
748,K21720
749,K21722
750,K21723
751,K21724
752,K21725
753,K21726
754,K21728
755,K21729
756,K21730
757,K21731
758,K21733
759,K21734
760,K21737
761,K21760
762,K21760
763,K21794
764,K21795
765,K21815
766,K21815
767,K21817
768,K21821
769,K21822
770,K21823
771,K21832
772,K21840
773,K22027
774,K22032
775,K22033
776,K22089
777,K22093
778,K22094
779,K22096
780,K22219
781,K22220
782,K22270
783,K22303
784,K22324
785,K22325
786,K22326
787,K22327
788,K22328
789,K22336
790,K22342
791,K22343
792,K22344
793,K22348
794,K22349
795,K22350
796,K22353
797,K22354
798,K22357
799,K22358
800,K22359
801,K22365
802,K22405
803,K22406
804,K22407
805,K22417
806,K22434
807,K22443
808,K22444
809,K22458
810,K22459
811,K22460
812,K22492
813,K22500
814,K22501
815,K22552
816,K22553
817,K22598
818,K22616
819,K22619
820,K22620
821,K22621
822,K22634
823,K22635
824,K22635
825,K22636
826,K22636
827,K22637
828,K22638
829,K22639
830,K22639
831,K22640
832,K22690
833,K22691
834,K22692
835,K22693
836,K22694
837,K22695
838,K22712
839,K22874
840,K22874
841,K22875
842,K22876
843,K22877
844,K22878
845,K22879
846,K22880
847,K22887
848,K22932
849,K22970
850,K22993
851,K22995
852,K22996
853,K22997
854,K22998
855,K23019
856,K23020
857,K23037
858,K23037
859,K23119
860,K23134
861,K23134
862,K23135
863,K23136
864,K23137
865,K23145
866,K23177
867,K23177
868,K23178
869,K23179
870,K23180
871,K23272
872,K23276
873,K23363
874,K23364
875,K23378
876,K23378
877,K23492
878,K23516
879,K23517
880,K23556
881,K23742
882,K23752
883,K23996
884,K23998
885,K24001
886,K24003
887,K24006
888,K24009
889,K24010
890,K24011
891,K24121
892,K24290
893,K24291
894,K24293
895,K24293
896,K24441
897,K24444
898,K24448
899,K24449
900,K24454
901,K24693
902,K24700
903,K24701
904,K24702
905,K24703
906,K24704
907,K24705
908,K25060
909,K25061
910,K25522
911,K25562
912,K25563
913,K25564
914,K25759
915,K25951
916,K25952
917,K25953
918,K25959
919,K25959
920,K25965
921,K25986
922,K25987
923,K26058
924,K26080
925,K26081
926,K26082
